"","species","T01","T02","T03","T04","T05","T06","T07","T08","T09","T10","T11","T12","T13","T14","T15","T16","T17","T18","T19","T20","T21"
"1","Abiotrophia_defectiva",0.00130963,0.000132701,6.92e-05,0.000174816,0.000656849,0.000137103,7.41e-05,0.000128932,0.000639263,0.000163575,0.000294006,6.72e-05,0.002512603,0.006579536,0.000892189,3.32e-05,0.000271823,0.000216022,0.000111491,8.67e-05,0.000312366
"2","Acidaminococcus_fermentans",0,1.66e-05,0,0,0,0,0,2.58e-05,0,0,0,0.000655561,0,0,0,0,0,0,0,0,0
"3","Acidaminococcus_intestini",0,0,0,0,0,0,0,7.74e-05,0,0,0,0,0,0,0,0,0,0,0,0,0
"4","Acinetobacter_baumannii",1.51e-05,3.32e-05,0,0,0,1.52e-05,0,2.58e-05,0,0,0,3.36e-05,0.000257703,0,3.19e-05,0,0,0,0,1.73e-05,1.64e-05
"5","Acinetobacter_indicus",0,0,0,0,0,6.09e-05,0,0.000103146,0,0,0,0.00045385,0,0,0,0,0,0,0,0,0
"6","Acinetobacter_junii",1.51e-05,0,0,1.75e-05,1.73e-05,0.000319907,0.000251844,0.000232078,7.43e-05,8.18e-05,0.000154003,0.000773226,0.005782209,0,3.19e-05,1.66e-05,1.81e-05,4.99e-05,1.86e-05,0.000225432,3.29e-05
"7","Acinetobacter_lwoffii",0,0.000132701,0,0,0,0.000258973,0.000918491,0.000567303,0,6.54e-05,0,0.001966684,0.000209384,4.48e-05,6.37e-05,0,0,0,0,0,0
"8","Acinetobacter_ursingii",0,0,0,1.75e-05,3.46e-05,3.05e-05,1.48e-05,0,0,1.64e-05,0,0,0,0,0,0,0,0,1.86e-05,0,0
"9","Actinocorallia_longicatena",0,0,0,0,0,0,0,0,0,0,0,0,0,0,0,0,0,0,0,0,0
"10","Actinomyces_georgiae",1.51e-05,8.29e-05,8.3e-05,0,0.000224711,3.05e-05,0.000429617,0.000180505,2.97e-05,0.000637943,0.000140003,6.72e-05,3.22e-05,1.49e-05,0.000366435,1.66e-05,0,3.32e-05,0,0,4.93e-05
"11","Actinomyces_gerencseriae",1.51e-05,6.64e-05,5.53e-05,0.00097897,0.001209984,0,0.000192587,7.74e-05,0.00165019,0.000245363,5.6e-05,5.04e-05,0.000112745,0,4.78e-05,0,0,8.31e-05,0.000148655,0.000242773,1.64e-05
"12","Actinomyces_graevenitzii",0.00206229,0.000248814,0.015712093,0.008391168,0.016836064,0.001096825,0.003733223,0.002062919,0.001070393,0.003173357,0.006160136,0.022070565,0.000177171,0.001208486,0.008157153,0.002124728,0.003243753,0.013576164,0.006763788,0.007352559,6.58e-05
"13","Actinomyces_haliotis",0,0,0,0,0,0,0,0,0,0,0,0,0,0,0,0,0,0,0,0,0
"14","Actinomyces_massiliensis",0.000150532,4.98e-05,0.000138311,0.001258675,0.000622278,0.000137103,0.001362923,0.000696235,0.001174459,0.000343508,0.000672015,0.00068918,0.000273809,8.95e-05,0.000207115,0.000365188,3.62e-05,3.32e-05,0.000167237,0.000416183,0.000279486
"15","Actinomyces_odontolyticus",0.022098117,0.003665859,0.020649784,0.017219377,0.042280301,0.0028944,0.017243934,0.005982465,0.009633539,0.007491739,0.006664147,0.025987124,0.00207773,0.029406499,0.010339828,0.015570274,0.008335901,0.019209359,0.033781775,0.014184889,0.001150824
"16","Actinomyces_timonensis",7.53e-05,6.64e-05,0,0,8.64e-05,0,1.48e-05,0,0,0,0,0,0,0,0,1.66e-05,0,0,0,0,0
"17","Adhaeribacter_aquaticus",0,0,0,0,0,0,0,0,0,0,0,0,0,0,0,0,0,0,0,0,3.29e-05
"18","Aeriscardovia_aeriphila",0,0,0,0,0,0,0,0,0,0,1.4e-05,0,0,0,0,0,0,0,0,0,0
"19","Agromyces_ramosus",0,0,0,0,0,0.000121869,0,0,0,0,0,0,0,0,1.59e-05,0,0,0,0,0,0
"20","Akkermansia_muciniphila",0,0,1.38e-05,0,0,1.52e-05,7.41e-05,0.000103146,0,0,0,3.36e-05,0,0,1.59e-05,0,0,0,0,0,0
"21","Algoriphagus_taiwanensis",0,0,0,0,0,0,0,0,0,0,0,0,0,0,0,0,0,0,0,0,0
"22","Aliifodinibius_roseus",0,0,0,0,0,0,0,0,0,0,0,0,0,0,0,0,0,0,0,0,0
"23","Aliifodinibius_sediminis",0,0,0,0,0,0,0,0,0,0,0,0,0,0,0,0,0,0,0,0,0
"24","Alistipes_indistinctus",0,0,0,0,0,0,0,0,0,0,2.8e-05,0,0,0,0,0,0,0,0,0,0
"25","Alistipes_onderdonkii",1.50532e-05,0,0,0,0,0.000106636,1.48144e-05,7.73595e-05,0,1.63575e-05,2.80006e-05,0,1.61064e-05,0,0,0,0,0,0,0,0
"26","Alistipes_shahii",4.52e-05,0,0,0,0,0.000213272,0.000118515,2.58e-05,0,0,1.4e-05,8.4e-05,0,0,0,0,0,0,0,0,0
"27","Allisonella_histaminiformans",0,0,0,0,0,0,0,2.58e-05,0,0,0,0.000369804,0,0,0,0,0,0,0,0,0
"28","Allobaculum_stercoricanis",0,0,0,0,0,1.52337e-05,0,0,0,0,0,1.68093e-05,3.22129e-05,0,0,0,0,0,0,0,1.64403e-05
"29","Alloprevotella_rava",0.000451596,0.000149288,0,3.49632e-05,0.000328424,0.000121869,0.000177773,0.000283651,2.97331e-05,0.00052344,7.00015e-05,0.005059589,8.05322e-05,1.49196e-05,9.55916e-05,3.31989e-05,0,0,5.57455e-05,0.000832365,8.22017e-05
"30","Alloprevotella_tannerae",0.00037633,0.001857811,4.15e-05,1.75e-05,5.19e-05,9.14e-05,0.000533318,0.002552862,0.000639263,0.006804724,0.004004088,0.000521087,6.44e-05,0.000238713,0.000748801,0,0.000308066,0,0.000185818,5.2e-05,0.000263045
"31","Anaerobiospirillum_succiniciproducens",0,0,0,0,0,0,0,0,0,0,0,0,0,1.49e-05,0,0,0,0,0,0,0
"32","Anaerococcus_octavius",1.50532e-05,0,0,0,0,4.57011e-05,0,5.1573e-05,0,0,1.40003e-05,0,0,0,0,0,0,0,0,0,0
"33","Anaeroglobus_geminatus",1.51e-05,4.98e-05,4.15e-05,0,0,9.14e-05,0.000103701,0.001495616,0.000252732,0.000278078,0.000350008,0,0,0,0,0,0.000525524,0,0,0,0
"34","Anaeromyxobacter_dehalogenans",0,0,0,0,0,0.000121869,0,0,0,0,0,3.36185e-05,0.000161064,1.49196e-05,0,0,0,0,0,0,0
"35","Anaerophaga_thermohalophila",0,0,0,0,0,0,0,0,0,0,0,0,0,0,0,1.66e-05,0,0,0,0,0
"36","Anaerosalibacter_bizertensis",0,0,0,0,0,0,0,0.0009541,0,0,0,0,0,0,0,0,0,0,0,0,0
"37","Anaerotruncus_colihominis",0,0,0,0,0,0,0,0,0,0,0,0,0,0,0,0,0,0,0,0,0
"38","Andreprevotia_lacus",0,0,0,0,0,0,0,0,0,0,0,8.4e-05,0.000161064,0,0,0,0,0,0,0,0
"39","Anoxybacter_fermentans",0,0,0,0,0,0,0.000355545,0,0,0,0,0,0,0,0,0,0,0,0,0,0
"40","Aquicella_siphonis",0,0,0,0,0,0,0,0,0,0,0,5.04278e-05,6.44257e-05,0,0,0,0,0,0,0,0
"41","Aquihabitans_daechungensis",0,0,0,0,0,0,0,2.57865e-05,0,0,0,0,0,0,0,0,0,0,0,0,0
"42","Asticcacaulis_excentricus",0,1.66e-05,0,0,0,0,0,0,0,0,0,0,0,0,0,0,0,0,0,0,0
"43","Atopobium_vaginae",0,0,0,0,0,0,0,5.16e-05,0,0,0,1.68e-05,9.66e-05,0,0,0,0,0,0,0,0
"44","Atopostipes_suicloacalis",0,0,0,0,0,0,7.41e-05,0.000103146,0,0,0,3.36e-05,0.000177171,0,6.37e-05,0,0,0,0,0,0
"45","Azospira_oryzae",0,0,0,0,0,0,0,0,0,0,0,0,0,0,0,0,0,0,0,0,0
"46","Bacillus_coagulans",0,0,0,0,0,1.52e-05,0,0,0,0,0,0,0,0,0,0,0,0,0,0,0
"47","Bacillus_funiculus",0,0,0,0,0,0,0,0,0,0,0,0,0.000209384,0,1.59e-05,0,0,0,0,0,0
"48","Bacillus_kokeshiiformis",0,0,0,0,0,0,0,0,0,0,0,0,0,0,0,0,0,0,0,0,1.64e-05
"49","Bacillus_oleronius",0,0,0,0,0,0,0,0,0,0,0,0,0,0,1.59e-05,0,0,0,0,0,0
"50","Bacillus_thermoamylovorans",0,3.32e-05,0,0,0,0,0,0,0,0,0,1.68e-05,0,0,0,0,0,0,0,0,0.000180844
"51","Bacillus_thermocloacae",0,0,0,0,0,0,0,0,0,0,0,6.72e-05,0,4.48e-05,0,0,0,0,0,0,6.58e-05
"52","Bacteroides_barnesiae",0,0,0,0,0,0.000121869,0.000103701,0,0,0,0.001232027,0,0,0,0,3.32e-05,0,0,0,0,0
"53","Bacteroides_coprocola",0,0,0,0,1.73e-05,1.52e-05,5.93e-05,0.000464157,0,1.64e-05,0,0,0,2.98e-05,7.97e-05,0,0,1.66e-05,0,0,0
"54","Bacteroides_coprophilus",0,0,0,0,0,0.000380842,2.96e-05,2.58e-05,0,0,0,6.72e-05,0,0,1.59e-05,0,0,0,0,0,1.64e-05
"55","Bacteroides_coprosuis",0,0,0,0,0,0,0,2.58e-05,0,0,0,0,0,0,0,0,0,0,0,0,0
"56","Bacteroides_eggerthii",0,0,0,0,0,0,5.93e-05,0.000283651,0,3.27e-05,0,0,0,0,0,0,0,0,0,0,0
"57","Bacteroides_fragilis",0,0,0,0,0,0.000182804,0.000103701,0.000257865,0,0,0,1.68e-05,1.61e-05,0,6.37e-05,0,0,0,0,0,0
"58","Bacteroides_luti",0,0,0,0,0,0,0,0.000128932,0,0,0,0,0,0,0,0,0,0,0,0,0
"59","Bacteroides_massiliensis",0,0,0,0,1.73e-05,0.000121869,7.41e-05,0.000361011,0,1.64e-05,1.4e-05,0.000403422,0,4.48e-05,0,3.32e-05,0,1.66e-05,3.72e-05,1.73e-05,0
"60","Bacteroides_ovatus",0,4.98e-05,0,0,1.73e-05,0.000152337,0.000222216,0.000464157,1.49e-05,1.64e-05,1.4e-05,8.4e-05,0,5.97e-05,0.000111524,3.32e-05,1.81e-05,1.66e-05,0,5.2e-05,1.64e-05
"61","Bacteroides_plebeius",1.51e-05,0,0,0,1.73e-05,0.00028944,0.000192587,0.006162971,1.49e-05,1.64e-05,0.000322007,0.000151283,0,0,3.19e-05,4.98e-05,0,0,0,0,0
"62","Bacteroides_propionicifaciens",0,0,0,0,0,0,0,0,0,0,0,0,0,0,0,0,0,0,0,0,0
"63","Bacteroides_pyogenes",0,0,0,0,0,9.14e-05,0,2.58e-05,0,1.64e-05,0,0,0,0,0,0,0,0,0,0,0
"64","Bacteroides_salanitronis",0,0,0,0,0,0,1.48144e-05,0,0,0,0.013244291,0,0,0,0,0,0,0,0,0,0
"65","Bacteroides_stercoris",1.51e-05,6.64e-05,0,1.75e-05,0,0,2.96e-05,0.000876741,1.49e-05,4.91e-05,0,0.001882638,0,0,3.19e-05,0,0,1.66e-05,0,0,0
"66","Bacteroides_uniformis",0,0,0,3.5e-05,0,7.62e-05,5.93e-05,0.001237751,0,1.64e-05,0,0.000352995,0.000322129,0,0.000127456,3.32e-05,0,0,0,0,1.64e-05
"67","Balneola_alkaliphila",0,0,0,0,0,1.52e-05,0,0,0,0,0,0,0,0,0,0,0,0,0,0,0
"68","Barnesiella_intestinihominis",0,0,0,0,0,0,0,0,0,0,0,0,0,0,0,0,0,0,1.86e-05,0,0
"69","Bifidobacterium_breve",0,0,0,0,0,0.000411309,2.96e-05,0.000489943,0,0,1.4e-05,0,0,0,0.000127456,0,0,0,0,0,0
"70","Bifidobacterium_longum_subsp._infantis",1.51e-05,0,0,1.75e-05,0,0.013222838,2.96e-05,0.012893244,1.49e-05,1.64e-05,1.4e-05,0.000151283,3.22e-05,4.48e-05,0.000111524,0,0,0.001694943,0,1.73e-05,0
"71","Bilophila_wadsworthia",6.02e-05,0,0,0,0,0,1.48e-05,5.16e-05,0,0,0,0.000285758,0,0,0,0,0,0,0,0,0
"72","Blautia_faecis",6.02e-05,0,0,0,0,0.000106636,4.44e-05,7.74e-05,1.49e-05,0,0.000140003,1.68e-05,3.22e-05,5.97e-05,6.37e-05,0,0,3.32e-05,0,0,1.64e-05
"73","Blautia_luti",0.000210745,0,0,0,0,3.05e-05,8.89e-05,0.000464157,1.49e-05,0,4.2e-05,5.04e-05,9.66e-05,1.49e-05,0.000318639,0,0,0,0,1.73e-05,4.93e-05
"74","Blautia_wexlerae",0.000105372,3.32e-05,0,3.5e-05,3.46e-05,0.00028944,0.000340731,0.006910779,1.49e-05,3.27e-05,0.000126003,6.72e-05,1.61e-05,2.98e-05,0.000270843,0,1.81e-05,3.32e-05,0,3.47e-05,4.93e-05
"75","Brevundimonas_staleyi",0,0,0,1.75e-05,0,0,4.44e-05,2.58e-05,0,0,0,0,0,0,3.19e-05,0,0,0,0,0,1.64e-05
"76","Brochothrix_thermosphacta",0,0,0,0,0,0,0.000118515,0,0,0,0,0,0,0,0,0,0,0,0,0,0
"77","Bulleidia_extructa",0,0,0,0,0,1.52e-05,0,0,0,1.64e-05,2.8e-05,0,0,0,0,0,0,0,0,0,0
"78","Butyricicoccus_pullicaecorum",0,0,0,0,1.72855e-05,0.000228505,8.88863e-05,5.1573e-05,0,0,1.40003e-05,0,0,0,0,0,0,0,0,0,0
"79","Butyricimonas_virosa",1.50532e-05,0,0,0,0,4.57011e-05,0,0,0,0,0,0,0,0,0,0,0,0,0,0,0
"80","Campylobacter_avium",0,0,0,0,0,0,0,0,0,0,0.000154003,0,0,0,0,0,0,0,0,0,0
"81","Campylobacter_gracilis",0.000240851,0.001426534,0.000802202,0.004213066,0.003145959,1.52e-05,0.001037006,0.010881898,0.000951461,0.016848235,0.006146135,0.00045385,0.000434874,0.00180527,0.001895901,0.000132796,0.000416795,0.000681301,0.000222982,0.000104046,0.001233025
"82","Capnocytophaga_granulosa",0.002845057,0.001443121,0.000705384,0.000804154,0.000414852,0.001431966,0.000370359,0.002707581,0.007507619,0.000916021,0.000560012,0.000201711,0.001497898,0.001984305,0.000509822,0.000149395,0.000797347,0.000830855,0.000390219,8.67e-05,0.003551113
"83","Capnocytophaga_haemolytica",1.51e-05,0,0,0,0,0,0.00023703,0.000103146,0,0.00039258,2.8e-05,0,0,1.49e-05,6.37e-05,0,0,0,0,0,0
"84","Capnocytophaga_leadbetteri",0.001746173,0.003881498,0.000414932,0.000821635,0.000138284,0.000426543,5.93e-05,0.000386797,0.001397458,0.00071973,0.000112002,0.000201711,0.001755601,0.003550861,0.000302707,3.32e-05,0.000199337,4.99e-05,1.86e-05,1.73e-05,0.002203005
"85","Capnocytophaga_ochracea",1.51e-05,0.000331752,0.000179804,0.000227261,0.000846989,6.09e-05,0.001007378,0.001650335,0.000386531,0.003729512,0.000854019,3.36e-05,6.44e-05,0.000104437,4.78e-05,0,3.62e-05,0.000299108,0.000130073,1.73e-05,0.000887778
"86","Capnocytophaga_sputigena",0.000827927,0.001094782,0.000622398,0,0.000138284,0.028273719,0.000681461,0.001805054,0.001144726,0.000981451,0.000714016,0.001243886,0.00180392,0.001626235,0.001306419,1.66e-05,0.000163094,0.000282491,0.000111491,5.2e-05,0.001791997
"87","Carboxylicivirga_mesophila",0,0,0,0,0,0,0,0,0,0,0,0,0,0,0,0,0,0,0,0,0
"88","Cardiobacterium_hominis",0.00130963,0.001094782,0.001175641,0.002901946,0.000674134,0.000106636,0.00094812,0.002656008,0.003449045,0.003565937,0.000406009,0.000991747,0.002061623,0.000507266,0.000430162,3.32e-05,0.001685302,0.000548364,0.000167237,0.000867047,0.00488278
"89","Cardiobacterium_valvarum",0.000240851,0.000812792,0.000857526,0.000506966,0.000276568,0.000167571,0.000548132,0.000541516,0.001501524,0.001030523,0.000238005,0.000487469,0.000692577,0.002193179,0.000892189,4.98e-05,0.000163094,0.000365576,0.000111491,0.000416183,0.000345247
"90","Catenibacterium_mitsuokai",1.51e-05,0,0,0,0,1.52e-05,1.48e-05,5.16e-05,0,0,0,0,0,0,0,0,0,1.66e-05,0,0,0
"91","Catonella_morbi",0.000752661,0.000862555,0.001078823,0.000174816,0.000207426,0.000243739,0.007096086,0.001108819,0.000401397,0.000834233,0.000658014,0.001058984,0.001481792,0.000611703,0.001752513,0.000215793,0.00023558,0.000581598,0.000167237,0.000121387,0.001759116
"92","Cetobacterium_somerae",0,3.32e-05,1.38e-05,0,0,6.09e-05,0.000148144,0.001547189,0,0,0,0,0,0,0.000286775,0.000116196,0,0,0,0,0
"93","Chitinimonas_taiwanensis",0,0,0,0,0,0,0,0,0,0,0,0,0,0,0,0,0,0,0,0,0
"94","Chitinophaga_rupis",0,0,0,0,0,0,0,0,0,0,0,0,0,0,0,0,0,0,0,0,0
"95","Chryseolinea_serpens",0,0,0,0,0,1.52e-05,2.96e-05,2.58e-05,0,0,0,0,0,0,0,0,0,0,1.86e-05,0,0
"96","Cloacibacterium_normanense",1.51e-05,0,0,0,0,0,0,2.58e-05,0,0,0,0,3.22e-05,0,4.78e-05,0,0,0,0,0,4.93e-05
"97","Clostridium_bornimense",0,0,0,0,0,0,8.89e-05,0,0,0,0,0,0,0,0,0,0,0,0,0,0
"98","Clostridium_butyricum",3.01e-05,0.000132701,0,0,0,6.09e-05,0.000177773,0.00103146,0,0,0,0.001176649,3.22e-05,0,0.000143387,0,0,0,0,0,9.86e-05
"99","Clostridium_colinum",0,0,0,0,0,0,0,0.000103146,0,0,0,0,0,0,0,0,0,0,0,0,0
"100","Clostridium_hiranonis",0,0,0,0,0,3.05e-05,4.44e-05,0,0,0,0,0,0,0,0,0,0,0,0,0,1.64e-05
"101","Clostridium_huakuii",0,0,0,0,0,1.52e-05,0,0,0,0,0,5.04e-05,0,0,0,0,0,0,0,0,0
"102","Clostridium_intestinale",0,0,0,0,0,0,0,0,0,0,0,0,0,0,0,0,0,0,0,0,0
"103","Clostridium_lactatifermentans",0.000120426,0,0,0,0,0.001310097,0.000162958,7.74e-05,0,1.64e-05,0,0,0,0,0,0,0,0,0,0,0
"104","Clostridium_paraputrificum",0,0,0,0,0,4.57e-05,7.41e-05,0.000593089,0,0,0,0.001126221,4.83e-05,0,0.000127456,0,0,0,0,0,0
"105","Clostridium_ramosum",0,0,0,1.75e-05,0,1.52e-05,0,0.000103146,0,0,0,0,0,0,0,0,0,0,0,0,0
"106","Clostridium_spiroforme",0,0,0,0,0,0.000137103,0,2.58e-05,0,0,0.000126003,0,0,1.49e-05,0,0,0,0,0,0,0
"107","Clostridium_symbiosum",0,0,0,0,0,0.000167571,0,2.58e-05,0,0,0,0,0,0,0,0,0,0,0,0,8.22e-05
"108","Clostridium_thermopalmarium",0,0,0,0,0,0,0,0,0,0,0,0,0,0,0,0,0,0,0,0,0
"109","Clostridium_viride",0,0,0,0,0,0,0,5.16e-05,0,0,0,0,0,0,1.59e-05,0,0,0,0,0,0
"110","Compostibacillus_humi",0,0,0,0,0,0,0,0,0,0,0,0,1.61e-05,0,3.19e-05,0,0,0,0,0,0
"111","Coprococcus_eutactus",0,0,0,0,0,0,4.44e-05,0.000154719,0,0,0,0,0,0,0,0,0,0,0,0,0
"112","Coprothermobacter_proteolyticus",0,0,0,0,0,0,2.96e-05,7.74e-05,0,0,0,0,0,0,0,0,0,0,0,0,0
"113","Corynebacterium_durum",0.000556969,8.29e-05,0.000193635,0.000314669,6.91e-05,0.000106636,0.000296288,0.000128932,0.006630491,0.000507083,0.000266006,0.000588324,0.001063024,4.48e-05,0.000238979,0.000265591,0.000416795,0.001495538,0.000538873,0.005271646,0.000608293
"114","Corynebacterium_imitans",0,0,0,0,0,4.57e-05,0,0,0,0,0,5.04e-05,0,0,7.97e-05,0,0,0,0,0,0
"115","Corynebacterium_matruchotii",0.001008565,0.003184819,0.001286289,0.004422845,0.003941091,0.000365608,0.004577642,0.007968025,0.028811418,0.004105735,0.001722038,0.007732262,0.003752798,0.000313311,0.012108273,0.000763574,0.003515575,0.004154273,0.001300728,0.001335252,0.005162266
"116","Corynebacterium_suicordis",0,0,0,0,0,0,0,2.58e-05,0,0,1.4e-05,0,0,0,0,0,0,0,0,0,0
"117","Coxiella_burnetii",0,0,0,0,0,0,0,0,0,0,0,0,3.22e-05,0,0,0,0,0,0,0,0
"118","Cryptobacterium_curtum",0,0,0,0,0,0,0,0.000128932,4.46e-05,0.00013086,2.8e-05,0,0,0,0,0,0,0,0,0,0
"119","Cupriavidus_oxalaticus",0,0,0,0,0,0,0,0,0,0,0,0,0,0,6.37e-05,0,0,0,0,0,0
"120","Cytophaga_hutchinsonii",0,0,0,0,0,0,1.48e-05,0,0,0,0,0,0,0,0,0,0,0,0,0,0
"121","Defluviicoccus_vanus",0,0,0,0,0,1.52337e-05,0,0,0,0,0,0,0,0,0,0,0,0,0,0,0
"122","Defluviitoga_tunisiensis",0,0,0,0,0,0,0,0,0,0,0,0,0,0,0,0,0,0,0,0,0
"123","Deinococcus_wulumuqiensis",1.51e-05,0,0,0,0,0,0,0,0,0,0,1.68e-05,4.83e-05,0,0,0,0,0,0,0,4.93e-05
"124","Desulfosalsimonas_propionicica",0,0,0,0,0,0,0,0,0,0,0,0,0,0,0,0,0,0,0,0,0
"125","Desulfovibrio_litoralis",0,0,0,0,0,0,0,0,0,0,0,8.4e-05,0.000483193,0,0,0,0,0,0,0,0
"126","Desulfovibrio_oxamicus",0,0,0,0,0,0,0,0,0,0,0,0,0,0,0,0,0,0,0,0,0
"127","Desulfovibrio_piger",0,0,0,0,0,0.001203461,2.96e-05,0.000103146,0,0,8.4e-05,0,0,0,0,0,0,0,0,0,0
"128","Dialister_invisus",0.000105372,0.000281989,0.000359608,0.000139853,0.000155569,0.000411309,0.000281473,0.001263538,0.000297331,0.002044689,0.001484033,6.72e-05,1.61e-05,0.000253633,3.19e-05,0,0.000181215,4.99e-05,3.72e-05,1.73e-05,0.00147963
"129","Dialister_pneumosintes",1.51e-05,0,6.92e-05,0,0,3.05e-05,0,7.74e-05,0,0.001030523,5.6e-05,0,0,0,0,0,3.62e-05,0,0,0,9.86e-05
"130","Dialister_succinatiphilus",0,0,0,0,0,4.57e-05,0,2.58e-05,0,0,0,0,0,0,0,0,0,0,0,0,0
"131","Dokdonella_fugitiva",0,0,0,0,0,0,0,0,0,1.64e-05,0,0,0,0,0,0,0,0,0,0,0
"132","Dolosigranulum_pigrum",0,0,0,0,0,1.52e-05,0,0,0,0,0,0,0,0,0,0,0,0,0,0,0
"133","Dorea_formicigenerans",0,0,0,0,0,0,7.41e-05,0.000154719,0,1.64e-05,0,0,0,0,3.19e-05,0,1.81e-05,0,0,1.73e-05,0
"134","Dorea_longicatena",0.000105372,0,0,0,1.73e-05,0.000700749,7.41e-05,0.000232078,0,3.27e-05,0,0.000184902,1.61e-05,1.49e-05,1.59e-05,0,0,0,0,1.73e-05,3.29e-05
"135","Draconibacterium_orientale",0,0,0,0,0,0,0,0,0,0,0,0,0,0,0,0,0,0,0,0,0
"136","Eggerthella_lenta",0,0,0,0,0,0,0,5.16e-05,0,0,0,0,0,0,0,0,0,0,0,0,0
"137","Eikenella_corrodens",0.000647288,0.001227482,0.000539412,0.000489485,0.000466708,0.000167571,0.000133329,0.000825168,0.001486657,0.001537606,0.001330029,0.000302567,0.001417366,0.000835497,0.000653209,8.3e-05,0.000181215,0.000697918,0.0002044,0.000450864,0.002055042
"138","Elizabethkingia_miricola",0,0,0,0,1.73e-05,0,0,0,0,1.64e-05,0,0,0,0,0,0,0,0,0,0,0
"139","Elusimicrobium_minutum",0,0,0,0,0,0,0,0,0,0,0.000322007,0,0,0,0,0,0,0,0,0,0
"140","Empedobacter_falsenii",1.51e-05,1.66e-05,0,0,0,0,0,0,0,0,0,5.04e-05,0.000306022,0,0.000127456,0,0,0,0,0,4.93e-05
"141","Enterococcus_faecalis",0,4.98e-05,0,0,0,0.000319907,1.48e-05,0.000412584,0,0,0,0.000672371,0,4.48e-05,0.000382367,1.66e-05,0,0,0,0,0.000115082
"142","Enterorhabdus_caecimuris",0,0,0,0,0,0,0,5.16e-05,0,0,0,0,0,0,0,0,0,0,0,0,0
"143","Erythrobacter_gangjinensis",0,0,0,0,0,0,0,0,0,0,0,0,0,0,0,0,0,0,0,0,0
"144","Ethanoligenens_harbinense",0,0,0,0,0,0,0,0,0,0,0,0,0,0,4.78e-05,0,0,0,0,0,0
"145","Eubacterium_callanderi",0,0,0,0,0,0,0,0,0,0,0,0,0,0,0,0,0,0,0,0,0
"146","Eubacterium_coprostanoligenes",3.01064e-05,0,0,0,0,6.09347e-05,0.00023703,0.00051573,1.48666e-05,1.63575e-05,1.40003e-05,0,0,0,0,0,1.81215e-05,0,0,0,0.000131523
"147","Eubacterium_hallii",4.52e-05,0,0,0,0,3.05e-05,4.44e-05,0.000670449,0,3.27e-05,0,0.000890891,0.000144958,0.000104437,9.56e-05,0,0,0,0,1.73e-05,0
"148","Eubacterium_siraeum",0,0,0,0,0,0,0.000103701,0,0,0,0,1.68e-05,0,0,0,0,0,0,0,0,0
"149","Eubacterium_sulci",0.001535428,0.002388614,0.000622398,0.000454522,0.001088986,0.001233928,0.001022192,0.00103146,0.000683862,0.001962901,0.000350008,0.000184902,0.000708683,0.000895175,0.004221964,0.00029879,0.000326187,0.000531747,0.000520291,0.000988434,0.000197284
"150","Eubacterium_ventriosum",3.01e-05,0,0,0,0,0,1.48e-05,0.000154719,0,0,2.8e-05,0,0,0,0,0,0,0,0,0,0
"151","Eubacterium_yurii_subsp._schtitka",1.51e-05,8.29e-05,0.000138311,1.75e-05,1.73e-05,9.14e-05,0,0,4.46e-05,3.27e-05,1.4e-05,3.36e-05,9.66e-05,0,0,3.32e-05,0,0,0,1.73e-05,0.000328807
"152","Ezakiella_peruensis",0,0,0,0,0,0,0,0,0,0,0,0,0,0,0,0,0,0,0,0,0
"153","Facklamia_tabacinasalis",0,0,0,0,0,0,7.41e-05,0,0,0,0,0,0,0,0,0,0,0,0,0,0
"154","Faecalibacterium_prausnitzii",0.000391,3.32e-05,1.38e-05,0.000105,3.46e-05,0.00067,0.000578,0.00866,2.97e-05,0.000147,0.00321,0.0019,0.000242,5.97e-05,0.000924,1.66e-05,1.81e-05,1.66e-05,3.72e-05,0.000121,0.000543
"155","Faecalitalea_cylindroides",0,0,0,0,0,0,0,0,0,0,1.4e-05,1.68e-05,1.61e-05,0,0,0,0,0,0,0,0
"156","Ferribacterium_limneticum",0,0,0,0,0,0,0,0,0,0,0,0,0,0,0,0,0,0,0,0,0
"157","Ferruginibacter_lapsinanis",0,0,0,0,0,1.52e-05,0,0,0,0,0,1.68e-05,8.05e-05,0,0,0,0,0,0,0,0
"158","Finegoldia_magna",0,0,0,0,0,4.57e-05,4.44e-05,0.00051573,0,0,0,3.36e-05,1.61e-05,0,0,0,0,0,0,0,1.64e-05
"159","Flavitalea_gansuensis",0,0,0,0,0,0,1.48e-05,0,0,0,0,0,0,0,0,0,0,0,0,0,4.93e-05
"160","Flavonifractor_plautii",0,0,0,0,0,3.05e-05,1.48e-05,0.000232078,0,0,0,0,0,0,0,0,0,0,0,0,0
"161","Flexistipes_sinusarabici",0,0,0,0,0,0,0,0,0,0,0,0,0,0,0,0,0,0,0,0,0
"162","Fluviicola_hefeinensis",0,0,0,0,0,0,0,0,0,0,0,0,0,0,0,0,0,0,0,0,0
"163","Fretibacterium_fastidiosum",0,0,2.77e-05,0,0,0,4.44e-05,7.74e-05,0,0.000131,0.00101,0,0,1.49e-05,3.19e-05,0,0,0,0,0,0
"164","Frischella_perrara",0,0,0,0,0,0,0,0,0,0,0,0,0,1.49e-05,0,0,0,0,0,0,0
"165","Fusicatenibacter_saccharivorans",0.000105372,0,1.38e-05,0,1.73e-05,9.14e-05,2.96e-05,0.001340897,0,0,0,0,3.22e-05,5.97e-05,0.000175251,1.66e-05,3.62e-05,0,0,6.94e-05,6.58e-05
"166","Fusobacterium_mortiferum",3.01e-05,1.66e-05,0.000138311,0,1.73e-05,0.004524404,0.001007378,0.000464157,1.49e-05,0,2.8e-05,3.36e-05,0,5.97e-05,0,8.3e-05,0,0,1.86e-05,5.2e-05,1.64e-05
"167","Fusobacterium_perfoetens",0,0,0.000152142,0,0,0,0,2.58e-05,0,0,0,0,0,0,0,3.32e-05,0,0,0,0,0
"168","Gaiella_occulta",0,3.31752e-05,0,0,0,6.09347e-05,0.000103701,5.1573e-05,0,0,0,0.000117665,0.000579832,0,0.000191183,0,0,0,0,0,4.9321e-05
"169","Gallicola_barnesae",0,0,0,0,0,1.52e-05,0,0,0,0,0,1.68e-05,0,0,0,0,0,0,0,0,0
"170","Gardnerella_vaginalis",0,0,0,0,0,4.57e-05,0,0,0,0,0,0,1.61e-05,0,0,0,0,0,0,0,1.64e-05
"171","Gemella_haemolysans",0.006939531,0.003665859,0.003084328,0.002919427,0.001935975,0.014334897,0.003614708,0.007890665,0.019906341,0.00794975,0.035728786,0.00571515,0.009985987,0.006698893,0.021348798,0.004896834,0.002754471,0.009637914,0.000538873,0.019283126,0.010340973
"172","Gemmatimonas_aurantiaca",0,0,0,0,0,0,0,0,0,0,0,0,0,0,0,0,0,0,0,0,0
"173","Gemmiger_formicilis",0.000120426,0,0,0,0,0.000106636,0.000148144,0.000309438,0,3.27e-05,0.000322007,0,0,0,0.000254911,0,1.81e-05,0,0,0,0.000312366
"174","Geobacter_lovleyi",0,0,0,0,0,0,0,0,0,0,0,0,0,0,0,0,0,0,0,0,0
"175","Gilliamella_apicola",0,0,0,0,0,3.05e-05,1.48e-05,0,0,0,1.4e-05,0,3.22e-05,0,6.37e-05,0,0,0,0,0,4.93e-05
"176","Gilvimarinus_chinensis",0,0,0,0,0,0,0,0,0,0,0,0,0,0,0,0,0,0,0,0,0
"177","Gracilimonas_mengyeensis",0,0,0,0,0,0,0,0,0,0,0,0,0,0,0,0,0,0,0,0,0
"178","Gramella_aestuariivivens",0,0,0,0,0,1.52e-05,0,0,0,0,0,0,0,0,0,0,0,0,0,0,0
"179","Gramella_oceani",0,0,0,0,0,0,0,0,0,0,0,0,0,0,0,0,0,0,0,0,0
"180","Granulicatella_elegans",0.000481703,9.95e-05,4.15e-05,3.5e-05,5.19e-05,0.000319907,0.000562946,0.000206292,0.003017914,0.002568129,0.002534056,0.000285758,0.000402661,0.000656462,0.001609126,0.000265591,0.000344309,0.000265873,7.43e-05,0.000502887,4.93e-05
"181","Haemophilus_parainfluenzae",0.223209044,0.205238364,0.154797306,0.199534989,0.10345364,0.030177929,0.13328494,0.016787004,0.16738274,0.116579972,0.066389461,0.036072683,0.085766747,0.098693044,0.013111986,0.200056438,0.025207038,0.127320162,0.184238888,0.071080514,0.243645809
"182","Hahella_chejuensis",0,0,0,0,0,0,0,0,0,0,0,0,0,0,0,0,0,0,0,0,0
"183","Halobacterium_noricense",0,0,0,0,0,0,0,0,0,0,0,0,0,0,0,0,0,0,0,0,0
"184","Helcococcus_kunzii",0,0,0,0,0,0,0,0,0,0,0,0,0,0,0,0,0,0,0,0,0
"185","Helcococcus_sueciensis",0,0,0,0,0,0,0,0,0,0,0,0,0,0,0,0,0,0,0,0,0
"186","Helicobacter_typhlonius",0,0,0,0,0,0,5.93e-05,5.16e-05,0,0,0,0,0,0,0,0,0,0,0,0,0
"187","Holdemanella_biformis",3.01e-05,0,0,0,0,6.09e-05,5.93e-05,7.74e-05,0,0,0,0,1.61e-05,0,1.59e-05,0,0,0,0,0,0
"188","Howardella_ureilytica",0,0,0,0,0,0,1.48e-05,2.58e-05,1.49e-05,0.000163575,1.4e-05,0,0,0,0,0,0,0,0,0,0
"189","Hydrogenispora_ethanolica",0,0,0,0,0,0,0,0,0,0,0,0,0,0,4.78e-05,0,0,0,0,0,0
"190","Hyphomicrobium_zavarzinii",0,0,0,0,0,3.05e-05,0,2.58e-05,0,0,0,5.04e-05,0.00022549,1.49e-05,0,0,0,0,0,0,0
"191","Iamia_majanohamensis",0,0,0,0,0,1.52e-05,0,0,0,0,0,0,0,0,0,0,0,0,0,0,0
"192","Idiomarina_halophila",0,0,0,0,0,0,0,0,0,0,0,0,0,0,0,0,0,0,0,0,0
"193","Ignatzschineria_indica",0,0,0,0,0,0,0,0.001340897,0,0,0,0,0,0,0,0,0,0,0,0,0
"194","Ignavibacterium_album",0,0,0,0,0,0,0,0,0,0,0,0,0,0,0,0,0,0,0,0,0
"195","Ilumatobacter_fluminis",1.51e-05,0,0,0,0,6.09e-05,4.44e-05,5.16e-05,0,0,2.8e-05,0,3.22e-05,1.49e-05,7.97e-05,0,0,0,1.86e-05,0,4.93e-05
"196","Janthinobacterium_lividum",0,0,0,0,0,4.57e-05,1.48e-05,2.58e-05,0,0,0,1.68e-05,8.05e-05,0,1.59e-05,0,0,0,0,0,3.29e-05
"197","Johnsonella_ignava",0,0,1.38e-05,0,0,1.52e-05,0,0.000154719,1.49e-05,3.27e-05,1.4e-05,0,3.22e-05,0.00073106,0.000207115,0,0,0,3.72e-05,0,1.64e-05
"198","Kofleria_flava",0,0,0,0,0,0,0,0,0,0,0,0,0,0,0,0,0,0,0,0,0
"199","Labilithrix_luteola",0,0,0,0,0,0,0,0,0,0,0,0,0,0,0,0,0,0,0,0,0
"200","Lachnoanaerobaculum_umeaense",0.005614848,0.009405169,0.003222639,0.005856336,0.001901404,0.002711596,0.001822168,0.005363589,0.009826804,0.004514673,0.001904042,0.005294919,0.001964985,0.011189688,0.003186388,0.002307322,0.004548502,0.002409478,0.001839602,0.001404616,0.00632953
"201","Lactivibrio_alcoholicus",0,0,0,0,0,0,0,2.58e-05,0,0,0,0,0,0,0,0,0,0,0,0,0
"202","Lactobacillus_acetotolerans",0,3.32e-05,0,0,0,0.000137103,0.000103701,0,0,0,0,0,0,0,4.78e-05,0,0,0,0,0,6.58e-05
"203","Lactobacillus_apis",3.01e-05,0,0,0,0,1.52e-05,0,7.74e-05,0,0,0,0,1.61e-05,0,0,0,0,0,0,0,0
"204","Lactobacillus_fermentum",0,0,0,0,0,0,0,0,0,0,8.4e-05,8.4e-05,0,2.98e-05,0,0,0,4.99e-05,0,0,0
"205","Lactobacillus_gastricus",0,0,0,0,0,0.000426543,0,0,0,0,0,0,0,0,0,0,0,4.99e-05,0,0,0
"206","Lactobacillus_iners",0,0,0,5.24e-05,0,0,0.000251844,2.58e-05,0,0,0,0,0,2.98e-05,6.37e-05,0,0,0,0,0,0
"207","Lactobacillus_ingluviei",0,0,0,0,0,0,1.48e-05,0,0,0,0.000938021,0,0,0,0,0,0,0,0,0,0
"208","Lactobacillus_melliventris",4.52e-05,0,0,0,0,0,0,5.16e-05,0,0,0,0,0,0,4.78e-05,0,0,0,0,0,0
"209","Lactobacillus_mucosae",0,0,0,0,0,7.62e-05,0,0.000128932,0,1.64e-05,0,0,0,0,0,0,0,1.66e-05,0,0,0
"210","Lactobacillus_ruminis",0,3.32e-05,0,0,0,0,0,0,0,0,0,1.68e-05,0,0,0,0,0,0,0,0,0
"211","Lactobacillus_saerimneri",0,0,0,0,0,0,0,0,0,0,2.8e-05,0,0,0,0,0,0,0,0,0,0
"212","Lactobacillus_salivarius",7.53e-05,0,1.38e-05,1.75e-05,0,0.035342149,0.000325916,7.74e-05,0,1.64e-05,0.001988044,0.000184902,0,0,0,0,0,0.003556058,0,0,8.22e-05
"213","Larsenimonas_salina",0,0,0,0,0,0,0,0,0,0,0,0,0,0,0,0,0,0,0,0,0
"214","Lautropia_mirabilis",0.00370309,0.001874399,0.000553243,0.000524448,0.001642121,0.005849735,0.002251785,0.007968025,0.007611685,0.004939968,0.000672015,0.007463314,0.010533606,0.00965297,0.004715854,0.000215793,0.001975246,0.000548364,0.000594619,0.006416148,0.004340249
"215","Leptotrichia_goodfellowii",0.000166,0.000232,0.000401,0.000157,0.00057,1.52e-05,5.93e-05,0.000103,1.49e-05,4.91e-05,5.6e-05,3.36e-05,0.000499,0,0,0,5.44e-05,0.000249,0.00078,0,0.00074
"216","Leptotrichia_hongkongensis",0.000436543,0.001360183,0.001964012,0.001818086,0.00176312,0.000137103,0.000977749,0.009412068,0.008786144,0.001063238,0.001428031,0.000621943,0.000177171,0.000208874,0.005767362,0.000647378,0.00083359,0.002243307,0.001189237,0.000260114,0.002597573
"217","Leptotrichia_shahii",0,0,0,0,6.91e-05,0,0,0,0.000104066,0,1.4e-05,0,0,0,1.59e-05,1.66e-05,1.81e-05,8.31e-05,7.43e-05,1.73e-05,0
"218","Leuconostoc_lactis",0,0,0,0,0,0,0,7.74e-05,0,0,0,0,0,0,0,0,0,0,0,0,0
"219","Lysobacter_defluvii",0,0,0,0,0,0,0,0,0,0,0,0,0,0,0,0,0,0,0,0,0
"220","Lysobacter_mobilis",0,0,0,0,0,0,0,0,0,0,0,0,0,0,0,0,0,0,0,0,0
"221","Lysobacter_spongiicola",0,0,0,0,0,0,0,0,0,0,0,0,0,0,0,0,0,0,0,0,0
"222","Magnetospirillum_magnetotacticum",0,0,0,0,0,0,0,0,0,0,0,0,0,0,0,0,0,0,0,0,0
"223","Marinicella_litoralis",0,0,0,0,0,0,0,0,0,0,0,0.000974937,0,0,0,0,0,0,0,0,0
"224","Marinimicrobium_koreense",0,0,0,0,0,1.52e-05,0,0,0,0,0,0,0,0,0,0,0,0,0,0,0
"225","Marinobacter_excellens",0,0,0,0,0,0,0,0,0,0,0,0,0,0,0,0,0,0,0,0,0
"226","Marinobacter_guineae",0,0,0,0,0,0,0,0.002810727,0,0,0,0,0,0,0,0,1.81e-05,0,0,0,0
"227","Marinobacterium_georgiense",1.51e-05,6.64e-05,0,0,0,0,0,0,0,0,0,5.04e-05,0,0,0,0,0,0,0,0,1.64e-05
"228","Marinobacterium_mangrovicola",0,0,0,0,0,0,0,0,0,0,0,0,0,0,0,0,0,0,0,0,0
"229","Maritalea_myrionectae",0,0,0,0,0,3.05e-05,1.48e-05,2.58e-05,0,0,0,0,0,0,0,0,0,0,0,0,0
"230","Megamonas_funiformis",0,0,0,0,1.73e-05,0.000228505,0.000222216,0.001263538,0,0,7e-05,6.72e-05,0,2.98e-05,3.19e-05,0,0,0,0,0,1.64e-05
"231","Megasphaera_cerevisiae",0,0,0,0,0,0,0,0,0,0,0,0.000319376,0,0,0,0,0,0,0,0,0
"232","Megasphaera_elsdenii",0,1.66e-05,0,0,0,3.05e-05,1.48e-05,0.000670449,1.49e-05,1.64e-05,0,0,0,0,6.37e-05,1.66e-05,0,0,0,0,0
"233","Megasphaera_micronuciformis",0.000195692,0.000149288,0.00038727,0.002482387,0.002679251,0.001218695,0.001674024,0.002681795,0.000668996,0.003107927,0.001246027,0.002000303,0,0.000402829,0.000270843,8.3e-05,0.010872914,0.000199405,0.001765274,0.000693638,6.58e-05
"234","Meiothermus_granaticius",0,0,0,0,0,0,1.48e-05,0,0,0,0,0,0,0,0,0,0,0,0,0,0
"235","Melioribacter_roseus",0,0,0,0,0,0,0,2.58e-05,0,0,0,0,0,0,0,0,0,0,0,0,0
"236","Methanobrevibacter_arboriphilus",0,0,0,0,0,0,0,0,0,0,0,0,0,0,0,0,0,0,0,0,0
"237","Methanobrevibacter_gottschalkii",0,0,0,0,0,0,0,2.58e-05,0,0,0,0,0,0,0,0,0,0,0,0,0
"238","Methanocella_paludicola",0,0,0,0,0,0,0,0,0,0,0,0,0,0,0,0,0,0,0,0,0
"239","Methanothrix_soehngenii",0,0,0,0,0,0,0,0,0,0,0,0,0,0,0,0,0,0,0,0,0
"240","Methyloceanibacter_caenitepidi",0,1.66e-05,0,0,0,0,0.000592575,0,0,0,0,0,0,0,0,0,0,0,0,0,0
"241","Methylophilus_leisingeri",0,0,0,0,0,0.000121869,0.000103701,2.58e-05,0,0,2.8e-05,0,0,0,6.37e-05,0,0,0,0,0,0
"242","Methyloprofundus_sedimenti",0,0,0,0,0,0,0,0.000773595,0,0,0,0,0,0,0,0,0,0,0,0,0
"243","Microvirga_aerilata",0,3.32e-05,0,0,0,4.57e-05,2.96e-05,5.16e-05,0,0,0,0,0,1.49e-05,0,0,0,0,0,0,8.22e-05
"244","Mucispirillum_schaedleri",1.51e-05,0,0,0,0,6.09e-05,2.96e-05,5.16e-05,0,0,0.000182004,0,0,0,0,0,0,0,0,0,0
"245","Mycoplasma_faucium",0,1.66e-05,0,0,0,0,0,0,0,3.27e-05,0.000182004,0,1.61e-05,1.49e-05,0,0,1.81e-05,0,0,0,0
"246","Mycoplasma_pneumoniae",0,0,0,0,0,0,1.48e-05,0.000128932,0,0,0,0,0,0,0,0,0,0,0,0,0
"247","Mycoplasma_salivarium",0,0,1.38e-05,0,0,0,0,0,0,6.54e-05,0,0,0,0,0,0,0,0,0,0,0
"248","Mycoplasma_sualvi",0,0,0,0,0,4.57e-05,1.48e-05,0,0,0,0,0,0,0,0,0,0,0,0,0,0
"249","Mycoplasma_synoviae",0,0,0,0,0,0,0,0,0,0,0,6.72e-05,0,0,0,0,0,0,0,0,0
"250","Nakamurella_flavida",0,0,0,0,0,0,0,0,0,0,0,0,0,0,1.59e-05,0,0,0,0,0,0
"251","Negativicoccus_succinicivorans",0,0,0,0,0,1.52e-05,0,0.000154719,0,0,0,0,0,0,0,0,0,0,0,0,0
"252","Neisseria_bacilliformis",7.53e-05,6.64e-05,0,0,0,0.000213272,0.001037006,2.58e-05,0,0,0,0,0,0,0,0,0.000326187,0,0,0.000641615,0.001627593
"253","Neisseria_oralis",0.000165585,4.98e-05,9.68e-05,6.99e-05,0.000518565,0.000137103,2.96e-05,0.001134605,0.000104066,3.27e-05,0.000308007,1.68e-05,0.00067647,0.002193179,0.000334571,0.00028219,0.000181215,0.00011632,5.57e-05,0.000260114,0.00047677
"254","Nocardia_cyriacigeorgica",0,0,0,0,0,0,0,5.16e-05,0,0,0,0,0,0,0,0,0,0,0,0,0
"255","Nocardioides_halotolerans",4.52e-05,0,0,0,0,3.05e-05,1.48e-05,0,0,0,0,0,0,0,0,0,0,0,0,0,0
"256","Nocardioides_islandensis",0,1.66e-05,0,0,0,0,0,0,0,0,0,0,0,0,0,0,0,0,0,0,0
"257","Nocardioides_tritolerans",0,0,0,0,0,0,0,0,0,0,0,0,0,1.49e-05,0,0,0,0,0,0,0
"258","Nosocomiicoccus_ampullae",0,0,0,0,0,0,0,7.74e-05,0,0,0,3.36e-05,0,0,0,0,0,0,0,0,0
"259","Odoribacter_splanchnicus",0,0,0,0,0,0,1.48e-05,5.16e-05,0,1.64e-05,0,0,0,0,1.59e-05,0,0,0,0,0,0
"260","Ohtaekwangia_koreensis",0,0,0,0,0,0,0,0.000180505,0,0,0,0,0,0,0,0,0,0,0,0,6.58e-05
"261","Olsenella_profusa",0,0.000149288,0.000110649,0.000139853,0.000293853,0.000228505,4.44e-05,0.000541516,4.46e-05,0.000179933,0.001036023,0,0,0.000164115,6.37e-05,0,0,0,0,1.73e-05,6.58e-05
"262","Olsenella_scatoligenes",0,0,0,0,0,0,1.48e-05,0.000257865,0,0,0.000126003,0,0,0,0,0,0,0,0,0,0
"263","Olsenella_uli",0,0,0,0,0,0,8.89e-05,7.74e-05,0,0,0,0,0,1.49e-05,0,0,0,0,0,0,0
"264","Opitutus_terrae",0,0,0,0,0,0,0,0,0,0,0,0,0,0,0,0,0,0,0,0,0
"265","Oribacterium_sinus",0.003763303,0.001907574,0.001369276,0.000629338,0.000916131,0.001051124,0.002474001,0.002320784,0.000654129,0.001095953,0.000868019,0.000638752,0.000612044,0.000641542,0.000223047,0.000746975,0.000779225,0.001645092,0.001003419,0.000537569,0.003452471
"266","Oryzihumus_terrae",0,0,0,0,0,0,0,0,0,0,0,0,0,0,1.59e-05,0,0,0,0,0,6.58e-05
"267","Paenibacillus_glucanolyticus",0,0,0,0,0,0,0,0,0,0,0,0,0,0,1.59e-05,0,0,0,0,0,0
"268","Paludibaculum_fermentans",0,0,0,0,0,0,0,0,0,0,0,0,0,0,0,0,0,0,0,0,0
"269","Parabacteroides_distasonis",0,0,1.38e-05,1.75e-05,0,9.14e-05,5.93e-05,0.000232078,0,0,1.4e-05,0,0,0,6.37e-05,1.66e-05,0,0,0,0,0
"270","Parabacteroides_goldsteinii",0,1.66e-05,0,0,0,0,0,7.74e-05,0,0,0,0.000336185,0,0,0,0,0,0,0,0,0.000115082
"271","Parabacteroides_merdae",0,4.98e-05,0,1.75e-05,0,1.52e-05,0,0.000258,0,1.64e-05,0,0,0,0,1.59e-05,3.32e-05,0,0,0,1.73e-05,8.22e-05
"272","Parapedobacter_luteus",0,0,0,0,0,0,0,0,0,0,0,0,0,0,0,0,0,0,0,0,0
"273","Paraprevotella_clara",0,0,0,0,0,0,0,2.58e-05,0,0,0,0,0,0,0,0,0,0,0,0,0
"274","Parascardovia_denticolens",0,0,0,0,0,0,0,7.74e-05,0,0,4.2e-05,0,0,0,0,0,0,0,0,0,0
"275","Parasegetibacter_luojiensis",0,0,0,0,0,0,0,0,0,0,0,0,0,0,0,0,0,0,0,0,0
"276","Parasutterella_excrementihominis",3.01e-05,1.66e-05,0,0,0,6.09e-05,0.000104,0.000258,0,0,0,0.000387,1.61e-05,5.97e-05,0.000335,0,0,0,0,0,1.64e-05
"277","Parasutterella_secunda",0,0,0,0,0,0,0,0,0,0,0.000938021,0,0,0,0,0,0,0,0,0,0
"278","Parvimonas_micra",0.004019208,0.0041469,0.001839532,8.74e-05,0.000414852,0.000548413,0.000103701,0.001263538,0.001947521,0.002355481,0.002002044,0.000117665,0.000934173,0.000626623,0.000892189,0.006407383,0.000126851,3.32e-05,5.57e-05,0,0.001693355
"279","Patulibacter_minatonensis",0,0,0,0,0,0,0,0,0,0,0,1.68e-05,0,0,0,0,0,0,0,0,0
"280","Pedobacter_luteus",0,0,0,0,0,0,0,0,0,0,0,0,0,0,0,0,0,0,0,0,0
"281","Pelagibacterium_halotolerans",0,0,0,0,0,0,0,0,1.49e-05,0,0,0,0,0,0,0,0,0,0,0,0
"282","Pelagibius_litoralis",0,0,0,0,0,0,0,0,0,0,0,0,0,0,0,0,0,0,0,0,0
"283","Peptococcus_niger",0.000135479,0.000182464,0.000110649,1.75e-05,0.000103713,6.09e-05,0,0.000128932,0.000237865,0.000310793,5.6e-05,0,9.66e-05,0.000507266,0.000270843,0,1.81e-05,3.32e-05,3.72e-05,1.73e-05,0.000115082
"284","Peptoniphilus_duerdenii",0,0,0,0,0,4.57e-05,0,0,0,0,0,0,0,0,0,0,0,0,0,0,0
"285","Peptoniphilus_methioninivorax",0,0,0,0,0,0,1.48e-05,0,0,0,0,0.001462406,0,0,0,0,0,0,0,0,0
"286","Peptostreptococcus_stomatis",0.000120426,0.00379856,0.002157647,0.000367114,0.000604992,0.001675705,0.001318479,0.001959773,0.00112986,0.001030523,0.000588013,0.001781782,0.003414563,0.000865336,0.010801854,0.001112162,0.000181215,0.00011632,0.001003419,0.000121387,0.001791997
"287","Petrimonas_sulfuriphila",0,0,0,0,0,0,0,0.000154719,0,0,0,6.72371e-05,0,0,0,0,0,0,0,0,0
"288","Phaeodactylibacter_xiamenensis",0,0,0,0,0,0,0,0,0,0,0,0,0,0,0,0,0,0,0,0,0
"289","Phascolarctobacterium_faecium",0,0,0,0,0,0,5.93e-05,0.000180505,0,0,0,0,0,0,0,1.66e-05,0,0,1.86e-05,0,0
"290","Phascolarctobacterium_succinatutens",1.50532e-05,1.65876e-05,0,0,0,3.04674e-05,5.92575e-05,0,0,0,0,3.36185e-05,0,0,0.000254911,0,0,0,0,0,0
"291","Phocaeicola_abscessus",1.51e-05,0,0,0,0,0,0,0,0,0,0,0,0,0,0,0,0,0,0,0,1.64e-05
"292","Phreatobacter_oligotrophus",0,0,0,0,0,0,1.48e-05,0,1.49e-05,1.64e-05,0,0,0,0,0,0,0,0,0,0,0
"293","Plesiomonas_shigelloides",0,0,0,0,0,0,0,0,0,0,0,0,0,0,0,0,0,0,0,0,0
"294","Porphyromonas_catoniae",0.0689,0.0709,0.0297,0.00928,0.00256,0.0016,0.0158,0.00474,0.00861,0.00723,0.0029,0.0058,0.0554,0.0229,0.02,0.0788,0.00109,0.0217,0.00154,0.00557,0.0262
"295","Porphyromonas_endodontalis",0.000361277,0.003450221,0.000484087,0.000139853,3.46e-05,0.000152337,0.000222216,2.58e-05,0.000312198,0.001881114,0.001596035,0.000168093,1.61e-05,0.000253633,6.37e-05,0.000199193,0.000108729,3.32e-05,0,0,4.93e-05
"296","Porphyromonas_gingivalis",1.51e-05,0,0,5.24e-05,0,0,0,0,7.43e-05,0.000212648,0.00543212,0,0,2.98e-05,0,0,0,0,0,0,0
"297","Prevotella_amnii",0,0,0,0,0,0,0,0,0,0,0,0,0,0,0,0,0,0,0,0,0
"298","Prevotella_aurantiaca",0.003432133,0.016206084,9.68e-05,0,0.000155569,1.52e-05,2.96e-05,5.16e-05,0.002661116,0.000834233,0,0.000386613,0.000418767,0.000910095,0.000509822,0.00089637,5.44e-05,1.66e-05,1.86e-05,0,0.003699076
"299","Prevotella_baroniae",1.50532e-05,0,0.000138311,1.74816e-05,0,0,2.96288e-05,0,0,0.000278078,0.000126003,0,0,5.96783e-05,3.18639e-05,0,0,0,0,0,0
"300","Prevotella_bivia",0,0,0,0,0,0,5.93e-05,0,0,0,0,0,0,0,0,0,0,0,0,0,0
"301","Prevotella_buccae",0,1.66e-05,1.38e-05,0,0,0,0,0,0,3.27e-05,1.4e-05,0,0,0,0,0,0,0,0,1.73e-05,0
"302","Prevotella_copri",0.000135479,0.000116113,4.14932e-05,5.24448e-05,5.18565e-05,0.000441777,0.000755533,0.002527076,1.48666e-05,0.000408938,7.00015e-05,0.006017717,8.05322e-05,0.000134276,0.002565042,0.000232392,1.81215e-05,8.30855e-05,1.85818e-05,5.20228e-05,0.000213724
"303","Prevotella_dentalis",0,0,0,0,0,0,2.96e-05,0,0,0,1.4e-05,0,0,2.98e-05,6.37e-05,0,0,0,0,0,0
"304","Prevotella_denticola",0,6.64e-05,5.53e-05,0.000122371,0.00019014,6.09e-05,0.000740719,0.000386797,0.002229986,0.000245363,0.003136069,1.68e-05,0,0.000104437,3.19e-05,0,0.000108729,0,0.000130073,0,0
"305","Prevotella_enoeca",0,0,0,0,1.73e-05,0,2.96e-05,0,0,0,0,0,0,0,0,0,1.81e-05,0,0,0,0
"306","Prevotella_maculosa",0,3.32e-05,6.92e-05,0.000262224,0.000501279,0,0.000340731,0.000412584,1.49e-05,0.000850591,0.000238005,3.36e-05,1.61e-05,0.000134276,0.001338283,6.64e-05,0.000507403,0.000182788,0.0004088,5.2e-05,0.000328807
"307","Prevotella_marshii",0,0,0,0,0,0,0,0,0,6.54e-05,0,0,0,2.98e-05,0.000446094,1.66e-05,0,0,0,0,0
"308","Prevotella_micans",0,0.000149288,0.000152142,1.75e-05,0,3.05e-05,0.000103701,7.74e-05,1.49e-05,0.00019629,9.8e-05,0,4.83e-05,0.000119357,0.004540603,9.96e-05,0.000181215,0.000149554,0,1.73e-05,0.000230165
"309","Prevotella_multisaccharivorax",0,0,0,0,0,0,0,0,0,0,0.000210005,0,0,0,0,0,0,0,0,0,0
"310","Prevotella_nanceiensis",0.008474959,0.027950105,0.002669396,0.00742968,0.009265021,0.005743099,0.009733045,0.002810727,0.007671151,0.008505905,0.003780083,0.00275672,0.007682768,0.00574404,0.058725126,0.023886593,0.002319555,0.027351734,0.002508548,0.010196473,0.006954263
"311","Prevotella_nigrescens",3.01e-05,0.000116113,0,5.24e-05,0.000103713,0,0.000296288,0.003842187,0.000237865,0.001357673,0.000140003,0.000268948,0.000579832,0.000238713,0.002421655,3.32e-05,0.000253701,4.99e-05,1.86e-05,6.94e-05,0.002350968
"312","Prevotella_oralis",0,0,0,0,0,0,0,0,0,0.000736088,0.002086046,0,0,0,4.78e-05,0,1.81e-05,0,0,0,3.29e-05
"313","Prevotella_oulorum",0.000150532,0.000165876,0.00026279,0.000419558,0.001780405,0.000182804,0.001792539,0.002604435,0.003820709,0.006068636,0.002226049,0.004790641,0.000177171,0.000238713,0.007663263,0.000248992,0.000434917,0.004237359,0.005648878,0.000901729,0.00096998
"314","Prevotella_pallens",0.001008565,0.001409946,0.01049778,0.003076762,0.020656157,0.00156907,0.00497763,0.005131511,0.000208132,0.013036935,0.002968065,0.015935183,0.003607841,0.007788023,0.02136473,0.001361154,0.01487777,0.003090779,0.009959863,0.002184958,0.000246605
"315","Prevotella_pleuritidis",0,1.66e-05,0.000110649,0,3.46e-05,3.05e-05,4.44e-05,0,7.43e-05,0,0.003612079,0,0,1.49e-05,3.19e-05,0,0,0,0,0,0
"316","Prevotella_ruminicola",0,0,0,0,0,0,0,0,0,0,0,0,0,0,0,0,0,0,0,0,0
"317","Prevotella_saccharolytica",4.52e-05,0.000215639,0.00012448,8.74e-05,0.000120998,0,5.93e-05,0.00043837,0.00047573,0.001684824,4.2e-05,1.68e-05,3.22e-05,0.000223794,0.002357927,0.000132796,0.000416795,0.000332342,0.000222982,0,0.000164403
"318","Prevotella_salivae",0.000316117,0.000398102,0.001576742,0.00131112,0.008227892,0.000944488,0.006562769,0.013357401,0.008221215,0.007033729,0.007574167,0.010253652,0.00140126,0.003521022,0.001354215,0.000547781,0.027653444,0.000830855,0.014029285,0.00405778,0.000378128
"319","Prevotella_shahii",0.004485858,0.002753541,0.003291794,0.000367114,0.001348268,0.000441777,0.002992504,0.001933987,0.007403553,0.004416528,0.000238005,0.000437041,0.000515406,0.002387133,0.009495435,0.000331989,0.001159777,0.00079762,0.00050171,0.000138728,0.003189426
"320","Prevotella_stercorea",0,3.32e-05,0,0,0,6.09e-05,0.000103701,0.000128932,0,0,0,1.68e-05,0,0,0,0,0,0,0,0,3.29e-05
"321","Propionibacterium_acidifaciens",0,0,0,0,0,7.62e-05,1.48e-05,0.000103146,0,0,4.2e-05,1.68e-05,0,0,1.59e-05,0,0,0,1.86e-05,1.73e-05,3.29e-05
"322","Propionibacterium_acnes",1.51e-05,9.95e-05,0,3.5e-05,5.19e-05,0.000319907,0.000340731,0.000335224,1.49e-05,8.18e-05,0,0.000470659,0.000273809,0.000298392,0.00057355,0,3.62e-05,0,3.72e-05,8.67e-05,0.000131523
"323","Propionibacterium_freudenreichii_subsp._shermanii",0,0,0,0,0,0,0,0,0,0,0,0,0,0,0,0,0,0,0,0,0
"324","Propionibacterium_granulosum",0,0,0,0,0,1.52e-05,1.48e-05,0.000128932,0,0,0,0,1.61e-05,0,0,0,0,0,0,0,0
"325","Propionimicrobium_lymphophilum",0,0,0,0,0,4.57e-05,0,0,0,0,0,0,0,0,0,0,0,0,0,0,0
"326","Prosthecochloris_vibrioformis",0,0,0,0,0,0,0,0,0,0,0,0,0,0,0,0,0,0,0,0,0
"327","Proteiniclasticum_ruminis",0,0,0,0,0,4.57e-05,0,2.58e-05,0,0,0,0,0,0,1.59e-05,0,0,0,0,0,0
"328","Pseudomonas_beteli",0.05467327,0.016587599,5.53243e-05,1.74816e-05,1.72855e-05,0.035022241,0.015881011,0.066245487,1.48666e-05,1.63575e-05,2.80006e-05,0.077020053,0.015558813,0.01720228,0.075039432,3.31989e-05,0,3.32342e-05,5.57455e-05,0.000329478,0.010110808
"329","Pseudomonas_caeni",0,0,0,0,0,0,0,0.000412584,0,0,0,0,0,0,0,0,0,0,0,0,0
"330","Pseudomonas_psychrotolerans",0,0,0,0,0,0,1.48e-05,5.16e-05,0,0,0,0,0,0,0,1.66e-05,0,0,0,0,0
"331","Pseudoramibacter_alactolyticus",0,0,0,0,0,0,0,7.74e-05,0,0,0,0,0,1.49e-05,0,0,0,0,0,0,0
"332","Pseudoxanthomonas_mexicana",0,0,0,0,0,0,0,5.16e-05,0,0,0,0,0,0,1.59e-05,0,0,0,0,0,3.29e-05
"333","Pseudoxanthomonas_taiwanensis",1.51e-05,0,0,0,0,0,0,0,0,0,0,0,0,0,0,0,0,0,0,0,0
"334","Psychrilyobacter_atlanticus",0,0,0,0,0,0,0,5.1573e-05,0,0,0,0.003597183,0,0,4.77958e-05,0,0,0,0,0,0
"335","Psychrobacter_sanguinis",0,0,0,0,0,0,5.93e-05,2.58e-05,0,0,0,1.68e-05,1.61e-05,0,0,0,0,0,0,0,0
"336","Ralstonia_pickettii",0,0,0.000110649,0.000192298,3.46e-05,1.52e-05,0.000399988,5.16e-05,0.000237865,0.00078516,8.4e-05,8.4e-05,0,0,9.56e-05,0.000215793,7.25e-05,0.00011632,0.000130073,0.000763001,0
"337","Reinekea_blandensis",0,0,0,0,0,0,0,0,0,0,0,0,0,0,0,0,0,0,0,0,0
"338","Reyranella_soli",0,1.66e-05,0,0,0,0,0,0,0,0,0,0,0,0,3.19e-05,0,0,0,0,0,0
"339","Rhizomicrobium_electricum",0,0,0,0,0,0,0,0,0,0,0,6.72e-05,0.000322129,0,0,0,0,0,0,0,0
"340","Rhodanobacter_lindaniclasticus",0,0,0,0,0,0,0,0.000103146,0,0,0,0,0,1.49e-05,0,0,0,0,0,0,0
"341","Roseburia_inulinivorans",0.000225798,3.32e-05,0,1.75e-05,0,0.000365608,0.000251844,0.000670449,0,0,0,6.72e-05,1.61e-05,0,4.78e-05,3.32e-05,0,0,0,1.73e-05,4.93e-05
"342","Roseimicrobium_gellanilyticum",0,0,0,0,0,0,0,0,0,0,0,0,0,0,0,0,0,0,0,0,0
"343","Roseivivax_pacificus",0,0,0,0,0,0,1.48e-05,0,0,0,0,0,0,0,0,0,0,0,0,0,1.64e-05
"344","Roseomonas_vinacea",0,0,0,0,0,0,0,0,0,0,0,0,0,0,0,0,0,0,0,0,0
"345","Rothia_aeria",0.00168596,0.000447865,0.00091285,0.001013933,0.000604992,0.000776918,0.003407306,0.00433213,0.006734557,0.006493931,0.003248071,0.001428788,0.002738093,0.004505714,0.005289404,0.000663978,0.000706739,0.005300852,0.002954512,0.00331212,0.002466051
"346","Rubellimicrobium_roseum",1.51e-05,4.98e-05,0,1.75e-05,0,0,2.96e-05,0,0,0,0,0,4.83e-05,0,0,0,0,0,0,1.73e-05,0.000230165
"347","Ruminococcus_bromii",1.50532e-05,0,0,1.74816e-05,0,0.000213272,0.000207401,0.000283651,1.48666e-05,8.17875e-05,1.40003e-05,3.36185e-05,0,2.98392e-05,0.000286775,0,0,1.66171e-05,0,1.73409e-05,3.28807e-05
"348","Ruminococcus_callidus",0,0,0,1.75e-05,0,0,1.48e-05,2.58e-05,0,0,0,0,1.61e-05,0,0,0,0,0,0,0,0
"349","Ruminococcus_champanellensis",1.51e-05,0,0,0,0,0,0,0,0,0,0,0,0,0,0,0,0,0,0,0,0
"350","Ruminococcus_faecis",4.52e-05,0,0,0,1.73e-05,0.000121869,5.93e-05,0.001186178,0,1.64e-05,0,5.04e-05,0,0,9.56e-05,3.32e-05,0,0,0,6.94e-05,3.29e-05
"351","Ruminococcus_flavefaciens",0,0,0,0,0,0,1.48e-05,0,0,0,0,0,1.61e-05,0,0,0,0,0,0,0,1.64e-05
"352","Ruminococcus_gnavus",0.000105372,0,0,0,0,0.000198038,0.000133329,0.001005673,1.49e-05,4.91e-05,1.4e-05,3.36e-05,4.83e-05,2.98e-05,1.59e-05,0,0,0,0,0,1.64e-05
"353","Saccharospirillum_impatiens",0,0,0,0,0,0,0,0,0,0,0,0,0,0,0,0,0,0,0,0,0
"354","Salegentibacter_flavus",0,0,0,0,0,0,0,0,0,0,0,0,0,0,0,0,0,0,0,0,0
"355","Sandaracinus_amylolyticus",0,0,0,0,0,0,0,0,0,0,0,0,0,0,0.000111524,0,0,0,0,0,0
"356","Scardovia_wiggsiae",0,0,0,0,1.73e-05,6.09e-05,0,5.16e-05,1.49e-05,0,4.2e-05,0,0,0,0,0,0,0,0,0,0
"357","Schwartzia_succinivorans",0,0,0,0,0,0,0,0,0,0,0,0,0,0,0,0,0,0,0,0,0
"358","Sediminibacterium_goheungense",0,0,0,0,0,0,1.48e-05,0,0,0,0,3.36e-05,0,0,0,0,0,0,0,0,0
"359","Selenomonas_artemidis",0,0.000729854,0.000290452,0.000209779,0.00072599,4.57011e-05,0.001348108,0.004976792,0.002809782,0.003794942,0.002114047,0.000117665,0.000418767,0.000104437,0.000462026,1.65994e-05,5.43646e-05,9.97026e-05,0.000799019,1.73409e-05,0.000542531
"360","Selenomonas_infelix",3.01e-05,0.000398102,0.000304283,0.000821635,0.000120998,0.000182804,0.000148144,0.000593089,0.000713595,0.002028331,0.000854019,5.04e-05,0.000209384,0.001312923,0.003552822,0.000165994,0.00036243,0.00011632,0.001337892,0,0.000147963
"361","Selenomonas_noxia",0,0.001028431,0.000318115,0.000856598,0.00195326,0.000304674,0.001555509,0.005930892,0.010763398,0.01306965,0.003682081,8.4e-05,0.000112745,0.000104437,0.003345707,6.64e-05,0.000199337,0.000382193,0.000427382,1.73e-05,0.001545392
"362","Selenomonas_sputigena",0,0.000232226,0.00012448,0.000402077,0.000483994,0.000213272,0.000296288,0.002733368,0.000877128,0.002797134,0.001106024,1.68093e-05,0,0.000134276,0.000446094,0.000182594,0.000108729,0.000199405,0.000743273,3.46819e-05,0.000180844
"363","Senegalimassilia_anaerobia",0,0,0,0,0,0,2.96e-05,0,0,0,0,0,0,0,0,0,0,0,0,0,0
"364","Shewanella_litorisediminis",0,0,0,0,0,0,0,0,0,0,0,0,0,0,0,0,0,0,0,0,0
"365","Shuttleworthia_satelles",0,0,0,0,0,6.09e-05,0.000192587,0.000206292,0,6.54e-05,5.6e-05,0,0,0,3.19e-05,0,1.81e-05,0,0,0,1.64e-05
"366","Siphonobacter_aquaeclarae",0,0,0,0,0,0,0,0,0,0,0,0,0,0,0.000127456,0,0,0,0,0,0
"367","Skermanella_aerolata",1.51e-05,0,0,0,0,3.05e-05,2.96e-05,0,1.49e-05,0,0,0,1.61e-05,0,0,0,0,0,1.86e-05,0,0
"368","Slackia_exigua",0,0,5.53e-05,0,3.46e-05,1.52e-05,2.96e-05,2.58e-05,0,3.27e-05,2.8e-05,1.68e-05,0,2.98e-05,0,0,0,0,0,0,1.64e-05
"369","Sneathia_sanguinegens",1.51e-05,0,0,0,0,0,5.93e-05,0.000180505,0,0,0,0,0,0,4.78e-05,0,0,0,0,0,0
"370","Snodgrassella_alvi",0,0,0,0,0,3.05e-05,1.48e-05,0,0,0,0,0,0,0,6.37e-05,0,0,0,0,1.73e-05,0
"371","Solobacterium_moorei",0.002619259,0.002504727,0.003914192,0.00120623,0.000812418,0.000700749,0.000666647,0.000722022,0.000668996,0.001635751,0.000672015,0.000958128,0.00022549,0.000179035,0.000525754,0.000365188,0.000688618,0.000448661,0.000297309,0.001959526,0.00096998
"372","Sorangium_cellulosum",0,0,0,0,0,0,0,0,0,0,0,0,0,0,0,0,0,0,0,0,0
"373","Sphaerobacter_thermophilus",0,0,0,0,0,3.05e-05,0,0,0,0,0,0,0,0,0,0,0,0,0,0,0
"374","Sphingobacterium_thermophilum",0,0,0,0,0,0,0,0,0,0,0,0,0,0,0,0,0,0,0,0,0
"375","Sphingobium_xenophagum",0,0,0,1.75e-05,3.46e-05,9.14e-05,5.93e-05,0,2.97e-05,4.91e-05,1.4e-05,0,0,0,0,1.66e-05,1.81e-05,1.66e-05,1.86e-05,5.2e-05,0
"376","Sphingomonas_changbaiensis",0,1.66e-05,0,0,0,0,1.48e-05,0,0,0,0,0,0,0,0,0,0,0,0,0,1.64e-05
"377","Sphingopyxis_contaminans",0,0,0,0,0,0,0,2.58e-05,0,0,0,6.72e-05,0.000289916,7.46e-05,0,0,0,0,0,0,0
"378","Sporichthya_polymorpha",0,0,0,0,0,0,0.000162958,0,0,0,0,0,0,0,0,0,0,0,0,0,0
"379","Stenotrophomonas_rhizophila",0,0,0,0,0,0,0,7.74e-05,0,0,0,0,0,0,6.37e-05,0,0,0,0,0,0
"380","Steroidobacter_agariperforans",0,3.32e-05,0,0,0,1.52e-05,0,0,0,0,0,0,0,0,0,0,0,0,0,0,1.64e-05
"381","Stomatobaculum_longum",0.005569689,0.000746442,0.000622398,0.000279706,0.000293853,0.00028944,0.000340731,0.000850954,0.000163532,0.000474368,0.00044801,0.00092451,0.000128851,0.000432668,0.000812529,0.000199193,3.6243e-05,0.000315725,0.000260146,0.000329478,0.000131523
"382","Streptobacillus_hongkongensis",6.02e-05,4.98e-05,1.38e-05,1.75e-05,0,0,4.44e-05,0,0.000862261,0.00058887,0,0,1.61e-05,5.97e-05,0.000254911,3.32e-05,0.000108729,0,0,0,0
"383","Streptococcus_agalactiae",0,0,0,0,0,0,1.48e-05,0,0,0,0,0,0,1.49e-05,0,0,0,0,0,0,1.64e-05
"384","Streptococcus_ferus",0,0,0,0,0,0,0,0,0,0,0,0,0,0,0,0,0,0,0,0,0
"385","Streptococcus_hyointestinalis",0,0,0,0,0,6.09e-05,0.000177773,0,0,0,0,0,0,0,0,0,0,0,0,0,0
"386","Streptococcus_intermedius",0.000165585,0,0.00026279,0.000314669,0.000432137,0.000137103,0.000162958,0.001057246,0.001144726,0.002535414,0.00089602,8.4e-05,0.00180392,0.001193567,0.000223047,6.64e-05,0.000344309,0.000249256,0.001040583,0.003156051,6.58e-05
"387","Streptococcus_mutans",0,0,0,0.000192298,0.000311139,0.000137103,8.89e-05,7.74e-05,0.000222999,0.000343508,0.002114047,0,0,1.49e-05,0,0,0,0.000149554,1.86e-05,1.73e-05,0
"388","Streptococcus_sobrinus",0,0,0,0.000122371,1.73e-05,0,0,0,0,0,2.8e-05,0,0,0,3.19e-05,0,0,0,0,0,0
"389","Succiniclasticum_ruminis",0,0,0,0,0,0,1.48e-05,0,0,0,1.4e-05,0,0,0,0,0,0,0,0,0,0
"390","Succinivibrio_dextrinosolvens",0,0,0,0,0,0,0,0.000181,1.49e-05,0,0,0,0,1.49e-05,0,0,0,0,0,0,0
"391","Sulfurospirillum_arcachonense",0,0,0,0,0,0,0,2.58e-05,0,0,0,0,0,0,0,0,0,0,0,0,0
"392","Sutterella_parvirubra",0,0,0,0,0,0.000426543,0,0,0,0,0,0,0,0,0,0,0,0,0,0,0
"393","Sutterella_stercoricanis",0,1.66e-05,0,0,0,3.05e-05,0,0.000206292,0,0,0,1.68e-05,0.000161064,0,0.000382367,0,1.81e-05,0,0,0,4.93e-05
"394","Sutterella_wadsworthensis",1.51e-05,0,0,0,0,0,0,2.58e-05,0,0,0,0,0,0,3.19e-05,0,0,0,0,0,0
"395","Syntrophorhabdus_aromaticivorans",0,0,0,0,0,0,0,0,0,0,0,0,0,0,0,0,0,0,0,0,0
"396","Tannerella_forsythia",0,0,0,1.75e-05,0,0,0,0,1.49e-05,3.27e-05,0.001078024,0,0,1.49e-05,0,1.66e-05,0,0,1.86e-05,0,1.64e-05
"397","Tepidimonas_fonticaldi",0,4.98e-05,0,0,0,0.000106636,2.96e-05,5.16e-05,0,0,0,0,4.83e-05,0,7.97e-05,0,0,0,0,0,3.29e-05
"398","Terasakiella_pusilla",0,0,0,0,0,1.52e-05,0,0,0,0,0,0,0,0,0,0,0,0,0,0,0
"399","Thauera_aminoaromatica",0,0,0,0,0,0,0,7.74e-05,0,0,0,0,0,1.49e-05,0,0,0,0,0,0,0
"400","Thermicanus_aegyptius",0,0,0,0,0,1.52e-05,2.96e-05,0.000103146,0,0,0,6.72e-05,0,0,0,0,0,0,0,0,0
"401","Thermus_scotoductus",0,0,0,0,0,1.52e-05,0,0,0,0,0,0,0,0,0.000127456,0,0,0,0,0,0
"402","Thiohalophilus_thiocyanatoxydans",0,0,0,0,0,0,0,0,0,0,0,0,0,0,0,0,0,0,0,0,0
"403","Thiopseudomonas_denitrificans",0,0,0,0,0,0,0,0.000335224,0,0,0,0,0,0,0,0,0,0,0,0,0
"404","Thiovirga_sulfuroxydans",0,0,0,0,0,0,0,0,0,0,0,0,3.22e-05,0,0,0,0,0,0,0,0
"405","Treponema_amylovorum",0,0,0,0,0,0,1.48144e-05,0,0,1.63575e-05,0.000616014,0,0,1.49196e-05,9.55916e-05,0,0,0,0,0,0
"406","Treponema_bryantii",0,0,0,0,0,1.52e-05,0.000119,5.16e-05,0,0,0,0,0,0,0,0,0,0,0,0,0
"407","Treponema_denticola",0,0,0,0,1.73e-05,0,2.96e-05,2.58e-05,1.49e-05,1.64e-05,0.000952021,0,0,0,6.37e-05,0,0,0,0,0,0
"408","Treponema_lecithinolyticum",0,0,0,0,0,0,1.48e-05,0,0,0,0.000168004,0,0,0,0,0,0,0,0,0,0
"409","Treponema_maltophilum",0,0,2.77e-05,0,0,0,0,2.58e-05,0,0,5.6e-05,0,1.61e-05,0,1.59e-05,0,5.44e-05,0,0,0,0
"410","Treponema_medium",6.02e-05,4.98e-05,2.77e-05,5.24e-05,0,0,8.89e-05,5.16e-05,0,0.000164,0.0022,0,1.61e-05,0.000298,0.00127,0,5.44e-05,1.66e-05,0,0,9.86e-05
"411","Tropheryma_whipplei",0,0,0,0,0,0,0,0,0,0,0,0,0,0,0,0,0,0,0,0,0
"412","Turicibacter_sanguinis",0.000105372,0,0,0,0,0.000274206,0.000414803,0.000206292,0,0,1.40003e-05,8.40463e-05,0.000434874,0,0,0,0,0,0,0,3.28807e-05
"413","Undibacterium_squillarum",0,0,0,0,0,0,0,0,0,0,0,0,0,0,0,1.66e-05,0,0,0,0,1.64e-05
"414","Ureibacillus_defluvii",0,0,0,0,0,0,0,0,0,0,0,0,0,5.97e-05,0,0,0,0,0,0,0
"415","Veillonella_magna",0,0,0,0,0,3.05e-05,2.96e-05,0,0,0,0,0,0,0,0,0,0,0,0,0,0
"416","Veillonella_rogosae",0.031145098,0.034800783,0.011120178,0.004352919,0.01225541,0.024160624,0.032813843,0.004512635,0.01734929,0.015735924,0.001694037,0.00183221,0.010420861,0.039894966,0.006277184,0.051275667,0.001848395,0.013825421,0.00759997,0.006104011,0.007710519
"417","Williamsia_serinedens",0,0,0,0,0,0,0,0,0,0,0,0,0,0,0,0,0,0,0,0,0
"418","Wohlfahrtiimonas_chitiniclastica",0,0,0,0,0,0,0,0,0,0,0,0,0,0,0,0,0,0,0,0,0
"419","Wohlfahrtiimonas_larvae",0,0,0,0,0,0,0,0,0,0,0,0,0,0,0,0,0,0,0,0,0
"420","Wolinella_succinogenes",0,0,0,0,0,0,0,0,0,0,0,0,0,0,0,0,0,0,0,0,0
